Unit: dimensionless (% of output purchased),government,domestic industries,labor and consumers,foreign entities
agriculture and forestry 01T03,0,0.7808707346585189,0.15120976055632557,0.06791950478515546
coal mining 05,0,1,0,0
oil and gas extraction 06,0,0.9988979939464508,0,0.001102006053549186
other mining and quarrying 07T08,0,0.8526196755999547,0.0025514354065472237,0.1448288889934981
food beverage and tobacco 10T12,0,0.39030542057145057,0.582059772422749,0.027634807005800472
textiles apparel and leather 13T15,1.051257361075205e-4,0.2330184202189004,0.7195037340659868,0.04737271997900529
wood products 16,1.0961761502215971e-4,0.9334476618659358,0.05610240575211299,0.01034031476692913
pulp paper and printing 17T18,0,0.8109883411225394,0.10152223180872032,0.08748942706874029
refined petroleum and coke 19,0,0.597330779887914,0.33435895833696,0.068310261775126
chemicals 20,0,0.48584596040454375,0.22164492319794157,0.29250911639751465
rubber and plastic products 22,5.191597916804749e-5,0.7535384395564606,0.12016146184577302,0.12624818261859827
glass and glass products 231,0,0.853990187218348,0.10041427044595597,0.045595542335696085
cement and other nonmetallic minerals 239,0,0.853990187218348,0.10041427044595597,0.04559554233569608
iron and steel 241,0,0.5459386464349327,0.18235449296413475,0.2717068606009325
other metals 242,0,0.4858078746625022,0.004503425074804644,0.5096887002626932
metal products except machinery and vehicles 25,0.0019305660763619566,0.8542486523779848,0.0732234416336435,0.0705973399120098
computers and electronics 26,0.06590509114953251,0.45170632143376904,0.24930344746305405,0.2330851399536445
appliances and electrical equipment 27,0.009723060650395663,0.6061783449893241,0.2835650117843866,0.10053358257589375
other machinery 28,0.041465932891231495,0.3778756662923839,0.043013475324209884,0.5376449254921748
road vehicles 29,0.18364016833562838,0.2703652787940268,0.5205060366248131,0.025488516245531796
nonroad vehicles 30,7.560065727967381e-4,0.1574367138568833,0.09020081294015408,0.7516064666301658
other manufacturing 31T33,0.009601200022241286,0.33934869518330285,0.5501322246308638,0.10091788016359211
energy pipelines and gas processing 352T353,0,0.5985929992492492,0.37546005348798317,0.025946947262767625
water and waste 36T39,0,0.7090291370316023,0.2878386735543235,0.0031321894140742155
construction 41T43,0.5475538396563505,0.4523028867872222,0,1.432735564273062e-4
