Fuel (BTU),2024.0,2025.0,2026.0,2027.0,2028.0,2029.0,2030.0,2031.0,2032.0,2033.0,2034.0,2035.0,2036.0,2037.0,2038.0,2039.0,2040.0,2041.0,2042.0,2043.0,2044.0,2045.0,2046.0,2047.0,2048.0,2049.0,2050.0
electricity (not used in this variable),0.0,0.0,0.0,0.0,0.0,0.0,0.0,0.0,0.0,0.0,0.0,0.0,0.0,0.0,0.0,0.0,0.0,0.0,0.0,0.0,0.0,0.0,0.0,0.0,0.0,0.0,0.0
hard coal,0.0,0.0,0.0,0.0,0.0,0.0,0.0,0.0,0.0,0.0,0.0,0.0,0.0,0.0,0.0,0.0,0.0,0.0,0.0,0.0,0.0,0.0,0.0,0.0,0.0,0.0,0.0
natural gas,64982600000000.0,99515100000000.0,98577200000000.0,93399900000000.0,88095800000000.0,84704500000000.0,77631800000000.0,77363600000000.0,77885900000000.0,78392400000000.0,79168700000000.0,79987600000000.0,80990600000000.0,81929500000000.0,82037400000000.0,78691700000000.0,77654100000000.0,75894800000000.0,75533800000000.0,76024100000000.0,77200100000000.0,78542000000000.0,80026600000000.0,81221100000000.0,81299700000000.0,80136500000000.0,79390100000000.0
nuclear,0.0,0.0,0.0,0.0,0.0,0.0,0.0,0.0,0.0,0.0,0.0,0.0,0.0,0.0,0.0,0.0,0.0,0.0,0.0,0.0,0.0,0.0,0.0,0.0,0.0,0.0,0.0
hydro (is not a fuel),0.0,0.0,0.0,0.0,0.0,0.0,0.0,0.0,0.0,0.0,0.0,0.0,0.0,0.0,0.0,0.0,0.0,0.0,0.0,0.0,0.0,0.0,0.0,0.0,0.0,0.0,0.0
wind (is not a fuel),0.0,0.0,0.0,0.0,0.0,0.0,0.0,0.0,0.0,0.0,0.0,0.0,0.0,0.0,0.0,0.0,0.0,0.0,0.0,0.0,0.0,0.0,0.0,0.0,0.0,0.0,0.0
solar (is not a fuel),0.0,0.0,0.0,0.0,0.0,0.0,0.0,0.0,0.0,0.0,0.0,0.0,0.0,0.0,0.0,0.0,0.0,0.0,0.0,0.0,0.0,0.0,0.0,0.0,0.0,0.0,0.0
biomass,0.0,1464080000000.0,1367730000000.0,1348510000000.0,1292160000000.0,1230670000000.0,1138700000000.0,1100170000000.0,1051030000000.0,1000950000000.0,952244000000.0,952815000000.0,953097000000.0,905104000000.0,857382000000.0,857604000000.0,857265000000.0,857105000000.0,857544000000.0,858284000000.0,859337000000.0,860827000000.0,862662000000.0,865024000000.0,867764000000.0,870878000000.0,873827000000.0
petroleum gasoline,0.0,0.0,0.0,0.0,0.0,0.0,0.0,0.0,0.0,0.0,0.0,0.0,0.0,0.0,0.0,0.0,0.0,0.0,0.0,0.0,0.0,0.0,0.0,0.0,0.0,0.0,0.0
petroleum diesel,0.0,0.0,0.0,0.0,0.0,0.0,0.0,0.0,0.0,0.0,0.0,0.0,0.0,0.0,0.0,0.0,0.0,0.0,0.0,0.0,0.0,0.0,0.0,0.0,0.0,0.0,0.0
biofuel gasoline,0.0,3742570000000.0,3617140000000.0,3508970000000.0,3400400000000.0,3299260000000.0,3202080000000.0,3126410000000.0,3052980000000.0,2975220000000.0,2898530000000.0,2818060000000.0,2738480000000.0,2659220000000.0,2579310000000.0,2498980000000.0,2416690000000.0,2331970000000.0,2271700000000.0,2209330000000.0,2147990000000.0,2087450000000.0,2028350000000.0,1969560000000.0,1911760000000.0,1856470000000.0,1805180000000.0
biofuel diesel,0.0,117883000000.0,118657000000.0,119658000000.0,120382000000.0,120771000000.0,121302000000.0,122057000000.0,122640000000.0,122854000000.0,123096000000.0,123203000000.0,123113000000.0,122761000000.0,122218000000.0,121518000000.0,121100000000.0,120591000000.0,119197000000.0,117676000000.0,116191000000.0,115048000000.0,113963000000.0,112962000000.0,111840000000.0,110742000000.0,109687000000.0
jet fuel or kerosene,0.0,0.0,0.0,0.0,0.0,0.0,0.0,0.0,0.0,0.0,0.0,0.0,0.0,0.0,0.0,0.0,0.0,0.0,0.0,0.0,0.0,0.0,0.0,0.0,0.0,0.0,0.0
heat (not used in this variable),0.0,0.0,0.0,0.0,0.0,0.0,0.0,0.0,0.0,0.0,0.0,0.0,0.0,0.0,0.0,0.0,0.0,0.0,0.0,0.0,0.0,0.0,0.0,0.0,0.0,0.0,0.0
geothermal (is not a fuel),0.0,0.0,0.0,0.0,0.0,0.0,0.0,0.0,0.0,0.0,0.0,0.0,0.0,0.0,0.0,0.0,0.0,0.0,0.0,0.0,0.0,0.0,0.0,0.0,0.0,0.0,0.0
lignite,0.0,0.0,0.0,0.0,0.0,0.0,0.0,0.0,0.0,0.0,0.0,0.0,0.0,0.0,0.0,0.0,0.0,0.0,0.0,0.0,0.0,0.0,0.0,0.0,0.0,0.0,0.0
crude oil,0.0,356196000000000.0,356196000000000.0,356196000000000.0,356196000000000.0,356196000000000.0,356196000000000.0,356196000000000.0,356196000000000.0,356196000000000.0,356196000000000.0,356196000000000.0,356196000000000.0,356196000000000.0,356196000000000.0,356196000000000.0,356196000000000.0,356196000000000.0,356196000000000.0,356196000000000.0,356196000000000.0,356196000000000.0,356196000000000.0,356196000000000.0,356196000000000.0,356196000000000.0,356196000000000.0
heavy fuel oil,0.0,0.0,0.0,0.0,0.0,0.0,0.0,0.0,0.0,0.0,0.0,0.0,0.0,0.0,0.0,0.0,0.0,0.0,0.0,0.0,0.0,0.0,0.0,0.0,0.0,0.0,0.0
LPG propane or butane,0.0,4227250000000.0,4173630000000.0,4246440000000.0,4260140000000.0,4229850000000.0,4202620000000.0,4194710000000.0,4208350000000.0,4196820000000.0,4196900000000.0,4202100000000.0,4210130000000.0,4226430000000.0,4242370000000.0,4261000000000.0,4275710000000.0,4286860000000.0,4302710000000.0,4318470000000.0,4336080000000.0,4356760000000.0,4377410000000.0,4398500000000.0,4417320000000.0,4431830000000.0,4451190000000.0
municipal solid waste,0.0,0.0,0.0,0.0,0.0,0.0,0.0,0.0,0.0,0.0,0.0,0.0,0.0,0.0,0.0,0.0,0.0,0.0,0.0,0.0,0.0,0.0,0.0,0.0,0.0,0.0,0.0
hydrogen,0.0,0.0,0.0,0.0,0.0,0.0,0.0,0.0,0.0,0.0,0.0,0.0,0.0,0.0,0.0,0.0,0.0,0.0,0.0,0.0,0.0,0.0,0.0,0.0,0.0,0.0,0.0
