,ISIC 01T03,ISIC 05,ISIC 06,ISIC 07T08,ISIC 09,ISIC 10T12,ISIC 13T15,ISIC 16,ISIC 17T18,ISIC 19,ISIC 20,ISIC 21,ISIC 22,ISIC 231,ISIC 239,ISIC 241,ISIC 242,ISIC 25,ISIC 26,ISIC 27,ISIC 28,ISIC 29,ISIC 30,ISIC 31T33,ISIC 351,ISIC 352T353,ISIC 36T39,ISIC 41T43,ISIC 45T47,ISIC 49T53,ISIC 55T56,ISIC 58T60,ISIC 61,ISIC 62T63,ISIC 64T66,ISIC 68,ISIC 69T82,ISIC 84,ISIC 85,ISIC 86T88,ISIC 90T96,ISIC 97T98
ISIC 01T03,1.2187272597651537,0,0,0.0013203545241724107,6.744223772085092e-4,0.20032682822487116,0.028692234781758964,0.0831679251424527,0.012239079586459754,8.981562509597038e-4,0.017097104763592448,0.017097104763592438,0.01012681084859443,9.120420844480306e-4,9.1204208444803e-4,7.28303141755773e-4,3.855102171976533e-4,4.115634803652087e-4,2.0748948790911355e-4,5.287084203183494e-4,5.62681769924235e-4,0.001158742136277579,2.777636218696058e-4,0.004214817826434648,2.5264902686237075e-4,2.490473152477908e-4,5.862475229328497e-4,0.0017316796044373256,0.0013852298808052351,5.112399528795888e-4,0.015370799941152284,2.614652329313994e-4,3.018642141095586e-4,4.109877193405987e-4,2.893711198139111e-4,3.000790121529395e-4,8.496143874553521e-4,0.003770097096931854,0.0018922318366152774,0.0016281170695709995,0.0020677435382808213,0
ISIC 05,0,1,0,0,0,0,0,0,0,0,0,0,0,0,0,0,0,0,0,0,0,0,0,0,0,0,0,0,0,0,0,0,0,0,0,0,0,0,0,0,0,0
ISIC 06,0,0,1,0,0,0,0,0,0,0,0,0,0,0,0,0,0,0,0,0,0,0,0,0,0,0,0,0,0,0,0,0,0,0,0,0,0,0,0,0,0,0
ISIC 07T08,2.9912037834993146e-4,0,0,1.0037457326915065,0.0010922641363793255,2.1769293414843684e-4,1.8471288492734786e-4,8.448977347070365e-5,4.385297197245128e-4,4.344741862976795e-4,9.964424271451434e-4,9.964424271451428e-4,2.074110486311299e-4,0.005143382742857445,0.005143382742857444,0.0014002433884973446,0.0033493325209942065,2.203955590498893e-4,2.8188685255413565e-5,2.5270090172589373e-4,1.1780439858148615e-4,1.1658174967925596e-4,5.6239328319828594e-5,1.3822532559970308e-4,5.804979532316712e-4,4.985426869395854e-4,2.1364094070584142e-4,6.293696831928618e-4,1.7538430382656533e-5,4.910719548278924e-5,6.966142178616109e-5,2.2942258161558647e-5,3.832705925765737e-5,3.586146536762266e-5,9.824063006416251e-6,2.755415529846232e-5,4.0106983739905554e-5,2.176179744635744e-4,7.215786588585994e-5,3.627899656549004e-5,1.2830092575941864e-4,0
ISIC 09,1.4476381687408666e-5,0,0,0.008634799648320085,1.0217535829076687,6.6809315272529515e-6,9.046572665291557e-6,6.834605954904237e-6,1.0023610899864719e-5,3.7297744220864153e-4,2.1176176852291328e-5,2.1176176852291314e-5,1.1381089847416831e-5,4.918373733759906e-5,4.9183737337599045e-5,2.6976656285589373e-4,6.14691737450153e-5,1.7876858899105135e-5,2.719453946919278e-6,1.483152178753881e-5,1.0485171647160272e-5,8.459883054666324e-6,3.946301512903951e-6,8.408314205330067e-6,2.0686154500975447e-5,1.81401107622113e-5,1.1345184147078517e-5,1.5440802788446543e-5,2.0488288076641147e-6,1.647236067933824e-5,3.307866579841619e-6,1.3271592998672989e-6,1.6366838624265008e-6,1.97470509716549e-6,1.7161427814079203e-6,2.079875009479064e-6,5.598481116810264e-6,1.3538995359957374e-5,2.914402959611088e-6,2.3903396910960865e-6,3.6085491220825344e-6,0
ISIC 10T12,0.03230728756471543,0,0,4.7896118465713856e-4,5.246289150003885e-4,1.0803829595980243,0.003606941059519559,0.0028504240728234424,0.0020154794606092,0.00104212503998362,0.00500398838274007,0.005003988382740066,0.002234141220947467,0.002191602466534152,0.0021916024665341507,8.599749964137238e-4,4.923647334261515e-4,3.99403131376112e-4,1.836975809377775e-4,3.9380601871446766e-4,4.583888662150004e-4,6.383770922473691e-4,2.6193833027437265e-4,8.432316339909243e-4,3.915286719431798e-4,3.7085077722022686e-4,6.76195284416992e-4,5.716677808064521e-4,0.0012233492070864251,6.637239171897775e-4,0.030911429919892878,3.0116964502617684e-4,2.920785151976383e-4,6.799495258194414e-4,4.72245406985428e-4,3.6374404384972565e-4,8.654109836357297e-4,0.007668630638643765,0.006371685973588972,0.005425259754225557,0.004230975141461906,0
ISIC 13T15,7.224160505530444e-4,0,0,6.35174232766079e-4,4.998976894702636e-4,8.051122867601802e-4,1.0592411881964996,0.0028097812576663556,0.006974436650463567,5.562161200128481e-4,7.848675177240414e-4,7.84867517724041e-4,0.00677712400961065,0.0011640970108798047,0.0011640970108798042,4.916244614315001e-4,3.612673331402777e-4,4.358544679811478e-4,2.785458870372387e-4,5.874262702788677e-4,0.0020514631400367408,0.013374438820505036,0.0019008847311430888,0.009060609265250858,1.175820557784307e-4,1.2315937957881322e-4,0.0015281001425076109,6.799567215123864e-4,0.0016799020592995172,5.650135816562901e-4,0.0019043468226973956,8.087698641495673e-4,0.0013293881969217575,1.5304578176101327e-4,8.795551712759402e-5,9.194008464293902e-5,5.515140042874142e-4,0.0016261861534834215,3.1936396127554714e-4,0.0019493338336234456,0.0022892736198603784,0
ISIC 16,5.752080630541666e-4,0,0,7.5807394894789e-4,9.450873404117718e-4,3.802378119008007e-4,7.715132806429948e-4,1.0738129967719505,0.006873196767018771,2.3183847382342909e-4,2.5304278607622287e-4,2.530427860762228e-4,0.002791040558537239,5.350635099913677e-4,5.350635099913676e-4,3.544913462348058e-4,6.020260368648701e-4,3.414778182371187e-4,2.61978129746189e-4,0.0013457826457044838,0.001050447429610303,0.001854500395379965,3.3222287644631073e-4,0.013064249532117404,1.7163599698243683e-4,1.9043109550329843e-4,2.5439022478680496e-4,0.008271350021616714,6.054748247929485e-4,0.00129491349238212,6.934071226954826e-4,2.2852287622904187e-4,3.584259233925923e-4,3.304798399321757e-4,1.4917208243504286e-4,6.294471507244365e-4,3.3626951397763843e-4,5.739750106510864e-4,1.8393184549734724e-4,4.5820229570884126e-4,3.769693165497156e-4,0
ISIC 17T18,0.0011277298492149944,0,0,8.043107522805635e-4,6.351007775839592e-4,0.005769180430013131,0.002150273005908872,0.010046409680332723,1.0596006351532206,4.766488205146367e-4,0.0016170960415887357,0.0016170960415887346,0.004063979282557172,0.0017536965938207006,0.0017536965938207002,6.324386598620471e-4,9.46849475752501e-4,9.125334645015974e-4,4.2369526345783755e-4,0.0018171983636718215,0.0012717996597494425,0.0017182682174708408,4.671321760738719e-4,0.0037276599392906274,2.1763228707432562e-4,2.627747174797119e-4,7.113116266892619e-4,0.0017426137171698097,0.0017973519208119553,0.001234286268838108,0.0023321327000410583,0.001860184345755196,5.605480782671328e-4,0.0012140082820757696,8.965164444942433e-4,2.378345793549949e-4,0.0012025740167892615,0.0017660465533805485,8.064909592387473e-4,0.001589058125750104,9.183775760501884e-4,0
ISIC 19,0.031193075890796076,0,0,0.03382061746648048,0.023677950790428517,0.011122151452433868,0.0189232924840277,0.014113934308246144,0.014156415163747235,1.0428531371903094,0.0316727985760265,0.031672798576026485,0.0232847863483102,0.011156665354274366,0.01115666535427436,0.0475114710628081,0.05691279376573624,0.025734501426766213,0.003943379866168009,0.021716612645903254,0.015179546477357732,0.01242705583637646,0.00508214063583133,0.013960016621030594,0.02987068411753544,0.026284610658515492,0.020007449416442027,0.023980706458566106,0.003903244093040837,0.041932645956639515,0.00581765371048227,0.0018318731048624231,0.0019020826548083582,0.0033420830603509205,0.0036591925461199855,0.0023771704667035257,0.0046151251788129205,0.028575164834585106,0.004318891835757515,0.004471541170932269,0.0052020072085435754,0
ISIC 20,0.025943224173956177,0,0,0.008580312592063294,0.0076189709327929254,0.009461169650934178,0.08186517017171083,0.013902697236019076,0.018968879191355627,0.023890040362173123,1.1021121569173777,0.10211215691737768,0.0948420791548058,0.011303007083890817,0.011303007083890815,0.01756006490017352,0.004785080614223423,0.007625716493270773,0.003250895885019352,0.00831765423201297,0.0054904660141330336,0.011342254189816312,0.0027474756209964115,0.015587164650388985,0.001848014441965245,0.0017045905220196215,0.005831301424059183,0.005083786522927169,0.001433325261378978,0.0024267605834902735,0.0022364048012977165,0.0011565597298017116,0.0013779200979872378,0.0011866952750624249,5.126787626020394e-4,0.0012135792534548248,0.003011541895499936,0.005492684718317086,0.0014421850417786059,0.008143498267413146,0.0034442590623286105,0
ISIC 21,0.01729548278263747,0,0,0.005720208394708862,0.0050793139551952825,0.006307446433956115,0.054576780114473866,0.009268464824012716,0.012645919460903748,0.015926693574782096,0.06807477127825183,1.068074771278251,0.06322805276987054,0.007535338055927212,0.007535338055927208,0.011706709933449015,0.0031900537428156154,0.00508381099551385,0.0021672639233462363,0.0055451028213419785,0.00366031067608869,0.0075615027932108714,0.0018316504139976072,0.010391443100259324,0.0012320096279768299,0.0011363936813464147,0.003887534282706123,0.0033891910152847797,9.555501742526519e-4,0.0016178403889935155,0.001490936534198478,7.710398198678081e-4,9.186133986581588e-4,7.911301833749501e-4,3.417858417346929e-4,8.0905283563655e-4,0.002007694596999957,0.0036617898122113892,9.614566945190707e-4,0.0054289988449421,0.0022961727082190745,0
ISIC 22,0.004182427973339617,0,0,0.008990066610430968,0.006465559147463575,0.011417163912003809,0.005418674657034045,0.008315684707690688,0.00929129074536647,0.0017856393597154242,0.007914333118933546,0.007914333118933548,1.038025492599468,0.004838849473439537,0.004838849473439535,0.0018852295462865535,0.0020862197517176337,0.004303737585403905,0.004288402140673999,0.009157749811671298,0.016327839577102616,0.030862111877366476,0.005768429861019609,0.016468869662493175,0.00049093021707468645,7.385922839885425e-4,0.0027445460225223924,0.009550436602710271,0.003312570270613399,0.0026707053251864843,0.003640368422275364,0.0017293567604273479,0.0031184702141928192,0.0018056814282948652,4.6198464431827286e-4,5.206910496335243e-4,0.0023095689631798108,0.0034367926576938474,0.001402428832701694,0.003692269429188047,0.002763279370366097,0
ISIC 231,1.262145723952219e-4,0,0,8.08503433231336e-4,9.940154133499818e-4,6.180167919485016e-4,1.8143716894198036e-4,0.0011363325137468303,3.423745698240347e-4,5.494041897960118e-4,3.7586193369921355e-4,3.758619336992135e-4,0.0010872225614366301,1.012383042891189,0.01238304289118924,8.369792698263122e-4,0.0014173554735687193,7.379226521401698e-4,1.6196842317161043e-4,0.0017831466261052646,8.008377757951873e-4,0.0014688877686693234,2.1054597608513226e-4,7.558451003356208e-4,1.2946418469395637e-4,1.2674331269679965e-4,3.756988431467332e-4,0.0041931111150181445,1.0064605692059444e-4,1.398226927757015e-4,3.714916252059426e-4,2.300410189802048e-4,4.8659653089623594e-4,1.2165453974941736e-4,4.462173368147097e-5,1.501488980598444e-4,2.0801751211147994e-4,3.0114425188971963e-4,9.534509178173438e-5,3.973623425965727e-4,2.494908656569275e-4,0
ISIC 239,3.7864371718566563e-4,0,0,0.002425510299694008,0.0029820462400499447,0.0018540503758455052,5.443115068259407e-4,0.0034089975412404916,0.0010271237094721037,0.0016482125693880348,0.00112758580109764,0.00112758580109764,0.0032616676843098906,0.037149128673567754,1.0371491286735675,0.002510937809478937,0.004252066420706158,0.0022137679564205085,4.8590526951483126e-4,0.005349439878315795,0.002402513327385562,0.0044066633060079715,6.316379282553967e-4,0.0022675353010068607,3.8839255408186914e-4,3.8022993809039903e-4,0.0011270965294401998,0.012579333345054431,3.0193817076178305e-4,4.194680783271044e-4,0.0011144748756178283,6.901230569406146e-4,0.0014597895926887075,3.64963619248252e-4,1.3386520104441294e-4,4.5044669417953353e-4,6.240525363344398e-4,9.034327556691589e-4,2.8603527534520304e-4,0.001192087027789718,7.48472596970782e-4,0
ISIC 241,0.0018409240695787862,0,0,0.0025434626514992784,0.0022850994421630606,0.0011316642226041412,0.0011149705815200982,0.0014907565351376926,0.0016715857673001062,0.0023219258194532824,0.0016752528848412308,0.0016752528848412306,0.002144683749119366,0.001934339834287596,0.0019343398342875952,1.0184085053145573,0.050874002455635066,0.021588934900976284,0.002631206855367422,0.015944247024152765,0.01158917397195611,0.00887402225516226,0.003602411887957112,0.006007625309874443,0.0015487058049996217,0.0014003362677191158,0.0017929448531588891,0.0023670653835950292,3.3074831099652645e-4,0.0023433361351975087,4.201227791989964e-4,2.501278761974495e-4,3.9331316403997324e-4,3.7307437852237895e-4,2.099137930499161e-4,2.3668461774878832e-4,3.8497177071195076e-4,0.0015939166374227777,3.7305699340354435e-4,3.7177908679698115e-4,6.307775690119553e-4,0
ISIC 242,5.750240074132842e-4,0,0,0.001170929788655636,0.0013241836452570128,6.802969940454299e-4,3.470117814398895e-4,9.179746017125109e-4,0.0010970798449419972,5.828286806165713e-4,3.898843682282935e-4,3.898843682282936e-4,0.001199723637169211,0.001481571937496023,0.001481571937496022,0.016480360287034413,1.048564326121749,0.020544558672418643,0.0024711737494563357,0.015062927676400184,0.01097314659150142,0.008369698449107439,0.0033961647653791486,0.005441089775826374,3.3647200626509325e-4,3.3363510675959e-4,9.809880089952686e-4,0.0013938629362650818,1.7234402418217403e-4,6.415950401830023e-4,1.8402653080273358e-4,1.757854713174968e-4,3.161214642090408e-4,2.3744353632291384e-4,6.141378337387094e-5,1.402125592665433e-4,1.976774086165252e-4,4.3425854319924045e-4,1.977845879981925e-4,1.9031175519827309e-4,4.1966593411788726e-4,0
ISIC 25,0.004271873013434207,0,0,0.005803648080077289,0.005166403282917567,0.00803920997709398,0.0046758215855356965,0.012797493765066887,0.012444975418579942,0.003935760988254614,0.006129573509134598,0.0061295735091346,0.0130764030919904,0.005627363033615041,0.0056273630336150385,0.005268806608353535,0.007959123016600508,1.0377599106834796,0.007642513107202377,0.026044347355032468,0.027699334456149232,0.02076389349225606,0.015980214466825866,0.015243965088469518,0.0015179431437024307,0.00280449208927449,0.010202987586793636,0.02046906967133916,0.0011812027602018718,0.003133162028440498,0.0025732073310946535,0.003302652816321009,0.006523986393886045,0.002327756883198237,4.2180958135595186e-4,9.96749881280286e-4,0.0017287396915979907,0.0027465797218633285,0.0010414205011508727,0.0015091130275308598,0.0030059812208472593,0
ISIC 26,8.212560131752291e-4,0,0,0.0013583438130638952,0.0021619886548897033,0.0024991367086140016,0.0034162484037188736,0.0053967055963607125,8.457433772354736e-4,0.001861387536485047,0.003740972226199615,0.003740972226199615,0.004476915384302815,0.002310172684095782,0.002310172684095781,0.002127984479726878,0.002666023178461557,0.007608202312543655,1.0510932023038406,0.008691198286661756,0.00896284016368564,0.019228054299863434,0.02335696102559282,0.005426231374065192,5.797314614786749e-4,6.121260287277622e-4,0.004917196816843098,0.0032985237324209002,0.005790550479948329,0.0012786265342146887,0.001028979034823465,0.008144149060365386,0.013481017444396311,0.008209035286613427,7.958311098189095e-4,4.0706889356412435e-4,0.0032887569435570106,0.0026177621318314065,0.0015699767168511603,0.00218358799473667,0.0029523778911291214,0
ISIC 27,0.006295575495317626,0,0,0.001863309635436124,0.004926303076254212,0.002862641341690132,0.0013178899271399532,0.004088618157924044,0.00277680597427512,0.0020477963530220766,0.0015063564585094226,0.0015063564585094224,0.0033818245419981034,0.0010557997792904209,0.0010557997792904204,0.003003345468639451,0.004931808700408327,0.005963624024574842,0.005536371330827823,1.0492719560893857,0.026475582235722852,0.009106712874272418,0.00373231733173202,0.0033447460294351236,4.568636635130294e-4,4.7312115510732695e-4,0.006543440785497339,0.013561937541999856,7.995125397928438e-4,0.0010608476935488245,0.0012156344120034536,0.0016797430103915056,0.0035312404826464997,0.0030809367996187833,2.844407899628394e-4,7.419318191462111e-4,0.0010952349993348944,0.0017655703215399049,0.0010774920245573115,0.0011728170482500134,0.0028513926229066003,0
ISIC 28,0.00630504958261411,0,0,0.020429325089351476,0.022796583878343095,0.004368294056129422,0.001313375648923927,0.0035075817279066374,0.005834392221242384,0.004994565006731897,0.004006851270468716,0.004006851270468716,0.004784810201736047,0.0013034538418886822,0.0013034538418886818,0.004190007322819741,0.00256627089116677,0.007187216983215237,0.0011423000989427572,0.010123333163246026,1.047724055964539,0.03191987902585775,0.00594790386978061,0.002905385535884495,0.0026865299076405387,0.0024972516754432827,0.020618731812269763,0.008693468092545757,9.563034339017308e-4,0.0072761331282827245,8.133946812513973e-4,5.99324391795378e-4,9.644019792530534e-4,0.0024243019956157494,3.775221308828874e-4,4.4213898468523983e-4,0.001323273803490214,0.0019712025004065964,0.0025638814176189907,8.120200233382362e-4,0.0035701132297532643,0
ISIC 29,0.0019891929445633076,0,0,0.0034004256599969875,0.002606320608578884,0.003133755959475189,9.997658703541064e-4,0.008131038392363251,0.003494424663987617,0.0011938893680204146,0.0013073327151645363,0.0013073327151645366,0.0017574316934072373,0.0019723621216047415,0.0019723621216047407,0.0013759337678882484,0.001743330823630095,0.0020197717197402835,0.0015115894614462341,0.0028449781863967905,0.012302055821014969,1.088454158542635,0.0037890156382000845,0.0028802770989632704,3.0847090903366164e-4,3.044501843864824e-4,0.003941686057080118,9.750485934346867e-4,0.002293562156916059,0.0033899165621816157,8.781926457535908e-4,5.919525923598238e-4,8.401731764516962e-4,4.0652346999039474e-4,1.9349213745564815e-4,1.399473840104519e-4,0.001989494290954893,0.0019526537762899583,7.76902562950782e-4,0.001166855126819918,0.0043843096113995875,0
ISIC 30,1.5764867021901964e-4,0,0,2.819682019479929e-4,1.917687737522314e-4,2.2747817013778844e-4,1.129986844228597e-4,4.7212272199991055e-4,2.474059993534975e-4,1.2061844594193867e-4,1.159649580959378e-4,1.159649580959378e-4,1.5617985267437793e-4,1.9140319225462887e-4,1.9140319225462884e-4,1.3352559507424813e-4,1.5957445234573902e-4,1.659801497273293e-4,1.0856260809359666e-4,2.2535877558725866e-4,7.048920689230776e-4,0.004320645259217355,1.1268928345882077,1.93730825318806e-4,8.436999002419615e-5,8.347902557847886e-5,3.0147356982590024e-4,1.1055093437167524e-4,1.924835668543406e-4,0.0020578357580457035,9.035998032475155e-5,6.162062021618799e-5,7.324026067508899e-5,7.424587865804826e-5,3.8791976023860916e-5,2.6240674241257115e-5,1.5166630999482604e-4,0.001364659978879076,6.715474766765439e-5,1.0403703688951066e-4,3.0501335847107967e-4,0
ISIC 31T33,4.014670759178403e-4,0,0,7.082428614159759e-4,6.224347693439843e-4,3.8175895946734797e-4,0.0013581523194229211,0.005063103234962174,7.611139874666022e-4,3.9604089543691527e-4,5.821558202879433e-4,5.821558202879433e-4,0.0012639844980568227,5.134744205136262e-4,5.13474420513626e-4,3.91357523330425e-4,3.8190566914475814e-4,7.000875609338851e-4,3.113695297322155e-4,0.002667834152809762,0.0039369834474565725,0.002916056889299844,7.288831282678675e-4,1.0224941482223613,2.0263245390450297e-4,2.186972996881647e-4,9.982956490739543e-4,0.004406472278076033,0.0011198221573294686,5.346815943644978e-4,9.365696158954892e-4,2.6016536432869934e-4,3.840635023534178e-4,3.399098553497585e-4,1.5930872015893006e-4,8.032733044902531e-4,6.125301560510465e-4,0.0015406975659168765,6.727862479457285e-4,0.010178249590158863,0.0017659441800702864,0
ISIC 351,0.00521269956254388,0,0,0.006929974658743327,0.0019085567790035323,0.0028168578371313576,0.0038667399754514545,0.0034356037412179175,0.005192751822369974,0.023344522546582192,0.004171603202814337,0.004171603202814338,0.004292028083567684,0.0050419137014872314,0.005041913701487229,0.01745292150286764,0.0055626525429995875,0.003152360946177762,9.27218807062356e-4,0.002030221008968309,0.0019393063651544373,0.0017024169717518541,0.0018400250312242447,0.001885045195394376,1.011440140385035,0.010462427412064245,0.010844458058513409,0.0018636907538212265,0.002552078033755543,0.002887932224376281,0.0038125581959855617,8.827828120323115e-4,0.0012927863806972782,8.610399551195469e-4,6.614486724439584e-4,0.0017683799423149546,0.0011200891160891384,0.0031136367966874104,0.002527721421511438,0.0017777780943638293,0.002310562528951791,0
ISIC 352T353,0.0017273414121877098,0,0,0.0022813149592150264,6.392069230551416e-4,9.191562868168064e-4,0.0012653216660861665,0.0011217397468470012,0.0016895989277735082,0.008156528091358436,0.001378942116276399,0.0013789421162763995,0.001403070669825653,0.001636233285130295,0.0016362332851302937,0.006067376352992129,0.0018511071448704252,0.0010415427391109225,3.0254037872089396e-4,6.753917174013534e-4,6.393003929309159e-4,5.600435411627752e-4,5.979963979486178e-4,6.200140810203795e-4,0.004133574157865842,1.0037520571246141,0.0033824263546341185,6.212839412171059e-4,8.247687522519696e-4,9.801893649918944e-4,0.0012311480830848802,2.8650607404045786e-4,4.191140535502687e-4,2.805848141196036e-4,2.1530390723826652e-4,5.43940670322514e-4,3.612154121323377e-4,0.0010474324957162528,8.176839214963815e-4,5.70699531583789e-4,7.433641228269043e-4,0
ISIC 36T39,0.008152098445037484,0,0,0.009289889681404201,0.00615412772802203,0.0036472463294036153,0.0054992359171329485,0.004398062714144268,0.004907656606769677,0.22065518130839845,0.008704071542029762,0.008704071542029762,0.006643172012829988,0.004404332748892285,0.004404332748892283,0.15432006491029213,0.0204443374797822,0.009386541385096805,0.0015251029737404457,0.007375408788488895,0.0054906641073652835,0.004392875331751156,0.002195035483043807,0.0045386393977863305,0.01161261908801407,0.010448290842666888,1.0282395727920648,0.0061053513103944725,0.002043095213051385,0.010453620549354184,0.0029860560049251757,8.071186779270079e-4,9.122573956965643e-4,0.0012322527822653097,0.0012632087831380672,0.003372604862064457,0.0019242767052654855,0.009366060683528018,0.0021513227520950145,0.00224384384876852,0.0025804845897983756,0
ISIC 41T43,0.006305555874150031,0,0,0.03365866524950033,0.021705045536433945,0.004317860243811448,0.004290656381065346,0.004730287422587785,0.007371329708004843,0.017521996697781615,0.004578348820481514,0.004578348820481514,0.005348833257993623,0.008351380698081915,0.008351380698081914,0.014074868132913778,0.007117967033975684,0.005555395251901333,0.0022202496450651646,0.002838146315136757,0.0038676129960351514,0.002770904274249351,0.002241774951891699,0.003550066324007933,0.01262255707223284,0.013575991452955675,0.006257771445272388,1.0018007337368304,0.00600363865947645,0.010048432436880209,0.0067415020813245165,0.0027012685764369005,0.004216643524275758,0.0020377858891532956,0.00503226097958718,0.03148498273548691,0.0037068334091415155,0.0230398557151692,0.008473156340490338,0.004543517312294419,0.007770311277251674,0
ISIC 45T47,0.03976838287996357,0,0,0.01736388549150203,0.014117591503125434,0.034864929411714325,0.023741321106262765,0.034162363394894146,0.025573890975619316,0.016916909334835074,0.027280895610293118,0.027280895610293114,0.027070890034792707,0.016965736419401425,0.01696573641940142,0.020852876900522437,0.028796339573248366,0.018207300158219343,0.011031194477257237,0.023513756658823215,0.02935919024245379,0.03892675161815247,0.0143461825909077,0.024077293563455806,0.009603447017822536,0.009098339459923901,0.01403748902350766,0.045800979240654814,1.0095725077690298,0.016259498923515033,0.016516131076303904,0.007788205605881847,0.007861246439936093,0.0052402634598625085,0.0029461820870027968,0.004375432021824636,0.010220426003617309,0.009111977550088263,0.0051303554222280725,0.009737683060346983,0.012025625747540935,0
ISIC 49T53,0.02136928738664498,0,0,0.019634336154330037,0.0095302635341455,0.027397892817285847,0.02165134924721104,0.03084065145348941,0.028276592687691615,0.02022188204481239,0.014101490445543811,0.014101490445543811,0.022651021646151508,0.03877840105499527,0.03877840105499526,0.022634537210800682,0.027503692236431728,0.0120941169235993,0.003637389363339418,0.010206756967070747,0.010521878217292991,0.011091484014181464,0.005451944027150114,0.013976925753222163,0.027154533884786485,0.026463005882267382,0.025981561352943786,0.011411214106884122,0.029291701233088337,1.0977631129323078,0.009075938841855088,0.006215041795275118,0.003979660474045407,0.01418191723658357,0.008053481266046356,0.0036253450812017245,0.014368212659905868,0.013713597033503304,0.006234339208591437,0.01191608400752624,0.007642949111933692,0
ISIC 55T56,0.0020106870724653763,0,0,0.0020424021117472087,0.006616947072783247,0.0020714595363014745,0.001994046351567458,0.0027107806030048495,0.0025675753312336827,0.002895068018100647,0.001588234176018696,0.001588234176018696,0.003181212641047809,0.0036261506566425397,0.0036261506566425384,0.0027026517357586657,0.002314322428949123,0.0026346007143402917,7.873800615792332e-4,0.001383192964874861,0.0023473286866557194,0.0016102203709445807,0.0011470108837439918,0.0027307300044545598,0.006079820933357258,0.005550099574085901,0.008435729825643798,0.0014820314375028722,0.005336373358459537,0.005240414756908895,1.0139639867034853,0.003061901428486288,0.002671473296598294,0.015267433124515308,0.01203507841813366,0.008270323026519198,0.012162965896845417,0.005916986976014643,0.006444155381077617,0.022419292315328236,0.005687078244413998,0
ISIC 58T60,5.426879566250203e-4,0,0,6.307212018381723e-4,0.0011437557137414895,5.515027851792332e-4,5.353481745153719e-4,7.69266383739318e-4,5.821931608693836e-4,4.945423897349247e-4,3.7738382636713495e-4,3.7738382636713495e-4,5.156591855578648e-4,0.0011984616477140999,0.0011984616477140996,4.7798715165329114e-4,4.4457582050158676e-4,7.19451054642618e-4,2.771560093560514e-4,3.731927251028454e-4,7.173945473193508e-4,3.646384183662469e-4,5.34142746367248e-4,6.78728311487339e-4,6.955065410762983e-4,0.0011897757229203823,0.001445662019553601,7.475000283561177e-4,0.001146533585569787,0.001108631931497722,0.0020296265527931256,1.0157493757784255,0.02164150364411487,0.0023795181580576336,0.0012126269024561518,4.621722499070676e-4,0.0015886392537015294,0.00402048288376537,0.001456293721250661,0.0011916984831542756,0.0014131743880475749,0
ISIC 61,9.817768846190412e-4,0,0,0.001214322501360118,0.00217298131798182,0.0010396860195618193,0.0010082332755286896,0.0013961413309489367,0.001056437487122433,9.132267137520682e-4,7.285863544903955e-4,7.285863544903955e-4,9.629670970401565e-4,0.0022242688134729155,0.0022242688134729146,8.826360535220382e-4,8.208988151896771e-4,0.001316314374107291,5.184420086848233e-4,7.068230381345377e-4,0.0013340773324852621,6.908011598136468e-4,9.226723220714299e-4,0.001251728282189945,0.0012118497591720946,0.0021292357011039424,0.0026509707216948383,0.0013415332918208416,0.0019689903711739634,0.0019874094297259153,0.0030138787634016503,0.0168343650091539,1.0300921933258746,0.003986462751775779,0.0021404641240219727,8.485982505438873e-4,0.002578043526563555,0.0069838328415931464,0.0020805460994307865,0.0018280409338640932,0.002466932515706185,0
ISIC 62T63,0.0018332965036643345,0,0,0.005177327992744131,0.0030020628995998107,0.002719588003605085,0.002952137624771763,0.004155187651901139,0.003432792055149013,0.003160746488872727,0.0017862590373175957,0.0017862590373175957,0.0030616990534592997,0.0049681364283711525,0.00496813642837115,0.0030320348044748646,0.002772272384308795,0.004957060592129597,0.0016107710764607646,0.0023818155745352287,0.005827360182236741,0.0022275504488244125,0.005925080727264325,0.004371318045106281,0.006094233272659578,0.005549344793876051,0.007663021396284,0.0032908011004427217,0.007389256105973685,0.004570094646322845,0.007642048716985916,0.01246810217014016,0.009198006825534604,1.0155176686789755,0.008578210709288832,0.0014363655964783934,0.007797276328234273,0.012518736409399597,0.006774030968110013,0.005331428487440225,0.006366193660954448,0
ISIC 64T66,0.008236200648648554,0,0,0.024974378401602725,0.06775822584298134,0.007922172522795775,0.008209228273247644,0.006227877751473572,0.006240759208860433,0.005809471813315742,0.007160968982041481,0.0071609689820414804,0.007110931603940262,0.008908091108106751,0.00890809110810675,0.0075108444653708166,0.01094450847007815,0.011220539784118543,0.005546159745974959,0.009606550402322157,0.011849749884322847,0.009224265262959457,0.0064851364744479174,0.012883142219212381,0.009421665050839004,0.011584943103375463,0.012388163083430612,0.005614390679778428,0.01411574748203762,0.02227392866000593,0.01917413525317533,0.01041617904146583,0.010537037968701613,0.010744655260759376,1.0804859525960444,0.018249611055131846,0.02040709214370424,0.013452435869526224,0.010060257472690274,0.01857923994139432,0.013490243255384875,0
ISIC 68,0.016522133321140994,0,0,0.009842417949781882,0.01687104074151296,0.014054344654795808,0.017961467513911766,0.014065641650292051,0.016287041221273932,0.011094474837317068,0.012428803617448858,0.012428803617448858,0.018540195559477512,0.014656731676963526,0.014656731676963516,0.010109657209288062,0.008122125061948133,0.019345145927610562,0.011858302553766345,0.01052217273299554,0.012304232931303661,0.00957991486290502,0.007875625560277903,0.0190888396715383,0.022229823250129222,0.021014386912580493,0.0327915312341743,0.01617990559715596,0.07430766632953494,0.04080966390972211,0.061646761877362524,0.030173461794339728,0.0368548723045579,0.02573116483548216,0.03028169937709665,1.0383426534716678,0.04728534886852379,0.015570080391026652,0.09806261295965715,0.08100774548556121,0.09573515657330992,0
ISIC 69T82,0.014630669384346201,0,0,0.07315154947330275,0.07706509283741562,0.03915832320091013,0.035329682415706165,0.022844672330355118,0.03183664384328034,0.031023945182631813,0.04298360661510818,0.04298360661510818,0.030915811761419297,0.03553564404713337,0.03553564404713336,0.029352201283670186,0.0259783332224785,0.03950334026468399,0.025932264467354835,0.02918601914431144,0.0474378557663801,0.030750023753647236,0.030211961222577046,0.04095559562443614,0.03616233877369274,0.037016783074572075,0.06257810094921845,0.02854174798949147,0.06221251855150498,0.065184922390608,0.07039772128023866,0.05010784170242268,0.046067084723664144,0.06825184342080792,0.039280738006856226,0.024120572299344927,1.0708541571701615,0.031061641034608404,0.03444180077108895,0.06153937097091317,0.04611199306835513,0
ISIC 84,0.0061165137558592715,0,0,0.00971566437085064,0.003942031163902852,0.006932587090928626,0.00995047425616212,0.0065982944760560516,0.007275702056073622,0.00829903937137907,0.006619378504719727,0.0066193785047197265,0.005449933216705669,0.012663118518657132,0.012663118518657127,0.008550601375567844,0.00905829696929429,0.004037059824558656,0.001533367010603438,0.003146057562758579,0.003712137050185124,0.0028988744431701287,0.0025537571199498654,0.004638962075234198,0.008076855677034759,0.007902589316648058,0.014463498608210716,0.003306069150083369,0.00718249140522969,0.009216415652709836,0.009065061514893736,0.003238689414416691,0.0032208350409072793,0.004478395940179441,0.003640694554225473,0.003274161957609517,0.0066376985368406085,1.0076631354102037,0.004895348809925292,0.007518042110585025,0.006148813030594524,0
ISIC 85,1.1493850515404822e-4,0,0,2.96696038387992e-4,3.9248821314891066e-4,1.8678858663101776e-4,1.7463388771150009e-4,1.6671978057251923e-4,1.8501891799889466e-4,1.9178204541967138e-4,1.7843061063811883e-4,1.7843061063811883e-4,1.9096672870350434e-4,2.2749513120940882e-4,2.274951312094087e-4,1.8082061592932522e-4,1.5869855711071382e-4,2.1091466329753027e-4,1.039551604878778e-4,1.3636852366948784e-4,2.334828492259816e-4,1.49070321279344e-4,1.5408200795223644e-4,2.1352575691874995e-4,3.2270552428473505e-4,3.079994186758486e-4,4.479902042908282e-4,1.5045672072159973e-4,5.347233406436596e-4,3.497400281483135e-4,5.740718608115534e-4,2.7732852356538573e-4,2.3679510719010525e-4,6.687612582754849e-4,4.4734869871737126e-4,2.759387733879859e-4,5.401210781562098e-4,7.641686547679517e-4,1.0012173034747158,7.240799360373055e-4,7.674074721417534e-4,0
ISIC 86T88,2.7182923963989963e-4,0,0,4.022754290103265e-4,3.407757721516747e-4,3.130009778912362e-4,2.711901900627019e-4,2.989856077074975e-4,2.739549732201328e-4,2.5131077917947054e-4,2.7352322136292416e-4,2.7352322136292416e-4,2.682798920412834e-4,2.8911117683008626e-4,2.891111768300861e-4,2.5826506193636997e-4,2.723000062221382e-4,2.6776722437927924e-4,1.3837572245015123e-4,2.211153005100971e-4,3.4245690615848824e-4,2.888825128484072e-4,2.2988770364044858e-4,2.878304650428067e-4,2.788007264208843e-4,2.6751138977212073e-4,3.8681669429780794e-4,3.303164843335404e-4,3.3511320947376754e-4,3.3856637644577803e-4,4.239057134609727e-4,2.926728503181541e-4,2.2632119567863264e-4,4.6748155883277243e-4,2.858847549913414e-4,1.8353211830175877e-4,4.004089184461043e-4,0.0038469516035573733,2.4779635866518777e-4,1.0110292389596807,3.794823749928322e-4,0
ISIC 90T96,0.0019494927381970375,0,0,0.0024144960819131884,0.004560120754828259,0.002779535424742534,0.002840259006478008,0.003361001676427241,0.005008088393011995,0.005733852280792344,0.003035546235227467,0.003035546235227467,0.0038065485464923604,0.005889426500300378,0.005889426500300376,0.005325111043258184,0.00450020059646963,0.003970152897651506,0.0015169828533974155,0.001875346751576721,0.00295286224006734,0.0021299591908205493,0.001714998870913236,0.002785691655150975,0.002584772483502648,0.0033868843816489075,0.017879435704210012,0.0034469725537966305,0.006219613336063273,0.008244514691793242,0.008412796397739907,0.009185020061790278,0.013002490156321262,0.004668160242348456,0.004860778519055937,0.005379665938255513,0.009907457960253784,0.007300396631438489,0.006195224333030976,0.007261859095436589,1.0085610502046025,0
ISIC 97T98,0,0,0,0,0,0,0,0,0,0,0,0,0,0,0,0,0,0,0,0,0,0,0,0,0,0,0,0,0,0,0,0,0,0,0,0,0,0,0,0,0,1
