Pollutant:,VOC,Unit: grams of VOC,,,,,,,,,,,,,,,,,,,,,,,,,,,,,,,,,,
,2015.0,2016.0,2017.0,2018.0,2019.0,2020.0,2021.0,2022.0,2023.0,2024.0,2025.0,2026.0,2027.0,2028.0,2029.0,2030.0,2031.0,2032.0,2033.0,2034.0,2035.0,2036.0,2037.0,2038.0,2039.0,2040.0,2041.0,2042.0,2043.0,2044.0,2045.0,2046.0,2047.0,2048.0,2049.0,2050.0
agriculture and forestry 01T03,0.0,0.0,0.0,0.0,0.0,336863299.58228904,339170582.45614034,341495890.97744364,361121846.8941382,368741629.6651687,372634042.4653115,375677005.0719497,378637651.1094336,381310386.71141726,384252748.782917,387124059.1456584,386442191.4942521,386682599.33617705,385037638.004102,384329016.7167731,383502111.4789631,383185090.7449483,382744335.50207037,382759666.47614515,382756826.5237953,382760742.3706112,382597297.375712,383145879.8920732,383547472.3012949,384116961.24892277,385131622.1312888,388424009.39049643,391749675.30806106,395172156.60781866,398143327.9462633,401170274.5327289
coal mining 05,0.0,0.0,0.0,0.0,0.0,0.0,0.0,0.0,0.0,0.0,0.0,0.0,0.0,0.0,0.0,0.0,0.0,0.0,0.0,0.0,0.0,0.0,0.0,0.0,0.0,0.0,0.0,0.0,0.0,0.0,0.0,0.0,0.0,0.0,0.0,0.0
oil and gas extraction 06,0.0,0.0,0.0,0.0,0.0,0.0,0.0,0.0,0.0,0.0,0.0,0.0,0.0,0.0,0.0,0.0,0.0,0.0,0.0,0.0,0.0,0.0,0.0,0.0,0.0,0.0,0.0,0.0,0.0,0.0,0.0,0.0,0.0,0.0,0.0,0.0
other mining and quarrying 07T08,0.0,0.0,0.0,0.0,0.0,0.0,0.0,0.0,0.0,0.0,0.0,0.0,0.0,0.0,0.0,0.0,0.0,0.0,0.0,0.0,0.0,0.0,0.0,0.0,0.0,0.0,0.0,0.0,0.0,0.0,0.0,0.0,0.0,0.0,0.0,0.0
food beverage and tobacco 10T12,0.0,0.0,0.0,0.0,0.0,0.0,0.0,0.0,0.0,0.0,0.0,0.0,0.0,0.0,0.0,0.0,0.0,0.0,0.0,0.0,0.0,0.0,0.0,0.0,0.0,0.0,0.0,0.0,0.0,0.0,0.0,0.0,0.0,0.0,0.0,0.0
textiles apparel and leather 13T15,0.0,0.0,0.0,0.0,0.0,0.0,0.0,0.0,0.0,0.0,0.0,0.0,0.0,0.0,0.0,0.0,0.0,0.0,0.0,0.0,0.0,0.0,0.0,0.0,0.0,0.0,0.0,0.0,0.0,0.0,0.0,0.0,0.0,0.0,0.0,0.0
wood products 16,0.0,0.0,0.0,0.0,0.0,0.0,0.0,0.0,0.0,0.0,0.0,0.0,0.0,0.0,0.0,0.0,0.0,0.0,0.0,0.0,0.0,0.0,0.0,0.0,0.0,0.0,0.0,0.0,0.0,0.0,0.0,0.0,0.0,0.0,0.0,0.0
pulp paper and printing 17T18,0.0,0.0,0.0,0.0,0.0,185369307.5998586,188038940.96854013,199225126.68014959,206447093.1165954,204369499.30970818,204193836.72089013,204982740.3342063,204821785.77417794,205675104.51993108,207080408.81962413,208143162.2531486,210221263.42734218,212228206.14706162,213438294.15445963,214981696.19463238,216472722.2882717,216900827.0286754,217726318.8608016,219821504.09619987,219938860.8128758,221947984.4818071,224753343.954468,226896720.3021295,228505938.34114093,229376019.02997765,230104263.6139081,230901438.9799028,230862814.8527575,231196167.15041596,231833204.67544666,232599194.0213477
refined petroleum and coke 19,0.0,0.0,0.0,0.0,0.0,2725895895.4890575,2733739662.795891,2742009002.680366,2536423641.664761,3318783124.931567,3487767537.5413375,3685061318.0519667,3837487003.367309,3812165935.9728355,3731967592.348243,3710975534.8416343,3658517113.4763002,3751878739.7351494,3773045343.3996854,3766937477.814112,3833342994.778306,3839880597.7595887,3884342202.860234,3841467305.9439173,3844382695.947635,3851350682.00109,3812747160.504592,3847568196.5598636,3831617772.0943503,3856887430.644761,3869064853.503269,4153265357.0004473,4151268138.5549545,3974255977.580467,3866256473.464974,3905498939.529444
chemicals 20,0.0,0.0,0.0,0.0,0.0,3387121415.196255,3404111993.2955375,3230677339.234511,3511875567.763138,3804854596.716508,3497828984.0300255,3280112604.3289666,3365851836.0152044,3466072952.116755,3570052341.646185,3669612852.975045,3741119081.8661633,3813535225.3285394,3903688116.9713035,3974751883.1902,4039688376.680441,4125158167.1028976,4207674299.6132865,4276541694.7042294,4321411873.636279,4379082648.000743,4442979916.879839,4565885224.080662,4683721808.998679,4774119417.727755,4873686851.528544,4923746255.600059,4938278556.499496,4954518931.025913,5021971411.597437,5107761030.649055
rubber and plastic products 22,0.0,0.0,0.0,0.0,0.0,0.0,0.0,0.0,0.0,0.0,0.0,0.0,0.0,0.0,0.0,0.0,0.0,0.0,0.0,0.0,0.0,0.0,0.0,0.0,0.0,0.0,0.0,0.0,0.0,0.0,0.0,0.0,0.0,0.0,0.0,0.0
glass and glass products 231,0.0,0.0,0.0,0.0,0.0,0.0,0.0,0.0,0.0,0.0,0.0,0.0,0.0,0.0,0.0,0.0,0.0,0.0,0.0,0.0,0.0,0.0,0.0,0.0,0.0,0.0,0.0,0.0,0.0,0.0,0.0,0.0,0.0,0.0,0.0,0.0
cement and other nonmetallic minerals 239,0.0,0.0,0.0,0.0,0.0,22396625.013582528,23437053.569488212,22347844.04761905,23296443.435340572,26504997.383271705,24122317.907629646,22331494.743147664,21222810.42720389,20317922.658435613,20045465.859715167,19735602.645511948,19459616.779223282,19211656.579138357,15938652.125035074,15329215.905711189,14651994.619416436,14005665.631872226,13603776.024398994,13263430.6548269,12713066.517156055,12358288.074946333,11973515.780571673,11641358.058195036,11392360.726390075,11208129.933908023,10918503.587126633,10732857.884790806,10566300.992559228,10388928.064034007,10263231.903824572,10169977.08037715
iron and steel 241,0.0,0.0,0.0,0.0,0.0,6085776.112889148,6156250.072737853,7261732.609433322,7068547.673656618,6852371.483225212,6394732.710325255,5752988.882489917,5513404.93140983,5589909.909209901,5608053.578750118,5543310.008362688,5423720.585545072,5222287.640559191,5222346.781503582,5311110.946842469,5335677.009788694,5391570.283477457,5451211.666817462,5502161.937626499,5568124.658617208,5615488.836850996,5632020.081963273,5687981.904334809,5792563.688539584,5853280.649747433,5871603.27942032,5854317.880040541,5785580.704077263,5706527.271176643,5709570.28700248,5763081.711156495
other metals 242,0.0,0.0,0.0,0.0,0.0,1544866.3742690058,1591963.0515683147,1614225.6544502617,1753418.3184855233,1812054.2169906772,1791906.4472685482,1783909.9685927944,1822858.2437388103,1889101.3839536854,1943430.28716654,1989340.3352206538,2015582.9092339394,2019731.7250971438,2018644.1108965874,2023616.7097137359,2036013.280933634,2055183.2316458272,2075934.0104475243,2092093.2851072126,2104109.1348625273,2124966.389875444,2140868.220517402,2153304.2894486687,2173716.015302562,2195146.60620866,2205913.2616437506,2209411.2612157245,2212238.1912837047,2217525.115354849,2223147.193672236,2222594.61560346
metal products except machinery and vehicles 25,0.0,0.0,0.0,0.0,0.0,0.0,0.0,0.0,0.0,0.0,0.0,0.0,0.0,0.0,0.0,0.0,0.0,0.0,0.0,0.0,0.0,0.0,0.0,0.0,0.0,0.0,0.0,0.0,0.0,0.0,0.0,0.0,0.0,0.0,0.0,0.0
computers and electronics 26,0.0,0.0,0.0,0.0,0.0,0.0,0.0,0.0,0.0,0.0,0.0,0.0,0.0,0.0,0.0,0.0,0.0,0.0,0.0,0.0,0.0,0.0,0.0,0.0,0.0,0.0,0.0,0.0,0.0,0.0,0.0,0.0,0.0,0.0,0.0,0.0
appliances and electrical equipment 27,0.0,0.0,0.0,0.0,0.0,0.0,0.0,0.0,0.0,0.0,0.0,0.0,0.0,0.0,0.0,0.0,0.0,0.0,0.0,0.0,0.0,0.0,0.0,0.0,0.0,0.0,0.0,0.0,0.0,0.0,0.0,0.0,0.0,0.0,0.0,0.0
other machinery 28,0.0,0.0,0.0,0.0,0.0,0.0,0.0,0.0,0.0,0.0,0.0,0.0,0.0,0.0,0.0,0.0,0.0,0.0,0.0,0.0,0.0,0.0,0.0,0.0,0.0,0.0,0.0,0.0,0.0,0.0,0.0,0.0,0.0,0.0,0.0,0.0
road vehicles 29,0.0,0.0,0.0,0.0,0.0,0.0,0.0,0.0,0.0,0.0,0.0,0.0,0.0,0.0,0.0,0.0,0.0,0.0,0.0,0.0,0.0,0.0,0.0,0.0,0.0,0.0,0.0,0.0,0.0,0.0,0.0,0.0,0.0,0.0,0.0,0.0
nonroad vehicles 30,0.0,0.0,0.0,0.0,0.0,0.0,0.0,0.0,0.0,0.0,0.0,0.0,0.0,0.0,0.0,0.0,0.0,0.0,0.0,0.0,0.0,0.0,0.0,0.0,0.0,0.0,0.0,0.0,0.0,0.0,0.0,0.0,0.0,0.0,0.0,0.0
other manufacturing 31T33,0.0,0.0,0.0,0.0,0.0,60303956.08695652,60811068.84057971,66119210.54532236,71886660.18879363,70718540.21705785,68799050.12095535,67825223.40666498,67688957.09625532,67929482.38368826,68952061.11155276,70198816.62538004,71412557.11359985,73464603.25604847,75216395.98049273,77036838.10574478,78585962.28449656,79515834.7812267,80713679.16996627,82465787.8201479,83541848.99596645,85154697.80081321,86730951.93632317,88063667.18216415,89114468.06200905,90154263.03888582,91357124.8522907,93435753.42442706,94740458.72901918,95864592.55905549,97100151.88853529,98373189.02510647
energy pipelines and gas processing 352T353,0.0,0.0,0.0,0.0,0.0,109867315.53860821,109446969.32316491,126276832.99105664,138082569.8168498,158574794.72310165,161511992.42275444,162434541.1548328,173074461.8456809,186443494.20823485,188535150.43473443,191554620.12562323,189333613.84419933,185403710.0186107,178753412.15150958,174298410.00771856,172479201.87023863,172305000.83043507,172452435.25586778,170325989.19576836,171101039.42990184,170275148.68107644,168528693.6375245,168368314.74069443,169323298.57861733,170143182.3046952,171070554.07599956,171646010.69258377,170506132.91798458,169796898.46458074,170637943.67510262,172542069.6885723
water and waste 36T39,0.0,0.0,0.0,0.0,0.0,0.0,0.0,0.0,0.0,0.0,0.0,0.0,0.0,0.0,0.0,0.0,0.0,0.0,0.0,0.0,0.0,0.0,0.0,0.0,0.0,0.0,0.0,0.0,0.0,0.0,0.0,0.0,0.0,0.0,0.0,0.0
construction 41T43,0.0,0.0,0.0,0.0,0.0,0.0,0.0,0.0,0.0,0.0,0.0,0.0,0.0,0.0,0.0,0.0,0.0,0.0,0.0,0.0,0.0,0.0,0.0,0.0,0.0,0.0,0.0,0.0,0.0,0.0,0.0,0.0,0.0,0.0,0.0,0.0
