Pollutant:,PM25,Unit: grams,,,,,,,,,,,,,,,,,,,,,,,,,,,,,,,,,,
,2015.0,2016.0,2017.0,2018.0,2019.0,2020.0,2021.0,2022.0,2023.0,2024.0,2025.0,2026.0,2027.0,2028.0,2029.0,2030.0,2031.0,2032.0,2033.0,2034.0,2035.0,2036.0,2037.0,2038.0,2039.0,2040.0,2041.0,2042.0,2043.0,2044.0,2045.0,2046.0,2047.0,2048.0,2049.0,2050.0
agriculture and forestry 01T03,0.0,0.0,0.0,0.0,0.0,59326.98412698413,59733.33333333333,60142.857142857145,63599.300087489064,64941.26500936847,65626.78080374589,66162.6949104084,66684.1117601787,67154.8230036746,67673.01975626881,68178.70317302932,68058.61543601005,68100.95508013148,67811.25123005777,67686.45175229471,67540.82058980566,67484.98819702752,67407.36418951311,67410.06421785313,67409.56405708111,67410.25369997835,67381.46843714308,67478.08254227377,67548.80935198249,67649.10541213005,67827.80332946639,68407.6450839974,68993.34773948898,69596.1011234207,70119.37164607196,70652.46507688245
coal mining 05,0.0,0.0,0.0,0.0,0.0,0.0,0.0,0.0,0.0,0.0,0.0,0.0,0.0,0.0,0.0,0.0,0.0,0.0,0.0,0.0,0.0,0.0,0.0,0.0,0.0,0.0,0.0,0.0,0.0,0.0,0.0,0.0,0.0,0.0,0.0,0.0
oil and gas extraction 06,0.0,0.0,0.0,0.0,0.0,0.0,0.0,0.0,0.0,0.0,0.0,0.0,0.0,0.0,0.0,0.0,0.0,0.0,0.0,0.0,0.0,0.0,0.0,0.0,0.0,0.0,0.0,0.0,0.0,0.0,0.0,0.0,0.0,0.0,0.0,0.0
other mining and quarrying 07T08,0.0,0.0,0.0,0.0,0.0,0.0,0.0,0.0,0.0,0.0,0.0,0.0,0.0,0.0,0.0,0.0,0.0,0.0,0.0,0.0,0.0,0.0,0.0,0.0,0.0,0.0,0.0,0.0,0.0,0.0,0.0,0.0,0.0,0.0,0.0,0.0
food beverage and tobacco 10T12,0.0,0.0,0.0,0.0,0.0,0.0,0.0,0.0,0.0,0.0,0.0,0.0,0.0,0.0,0.0,0.0,0.0,0.0,0.0,0.0,0.0,0.0,0.0,0.0,0.0,0.0,0.0,0.0,0.0,0.0,0.0,0.0,0.0,0.0,0.0,0.0
textiles apparel and leather 13T15,0.0,0.0,0.0,0.0,0.0,0.0,0.0,0.0,0.0,0.0,0.0,0.0,0.0,0.0,0.0,0.0,0.0,0.0,0.0,0.0,0.0,0.0,0.0,0.0,0.0,0.0,0.0,0.0,0.0,0.0,0.0,0.0,0.0,0.0,0.0,0.0
wood products 16,0.0,0.0,0.0,0.0,0.0,0.0,0.0,0.0,0.0,0.0,0.0,0.0,0.0,0.0,0.0,0.0,0.0,0.0,0.0,0.0,0.0,0.0,0.0,0.0,0.0,0.0,0.0,0.0,0.0,0.0,0.0,0.0,0.0,0.0,0.0,0.0
pulp paper and printing 17T18,0.0,0.0,0.0,0.0,0.0,43278389.536938846,43901671.9688936,46513323.859532386,48199444.829104595,47714386.567636125,47673374.4171115,47857560.66847245,47819982.41867021,48019207.74650927,48347305.78866915,48595428.07856341,49080604.79567163,49549168.06500116,49831688.73056463,50192028.61407377,50540140.223950155,50640090.33952051,50832818.88521613,51321984.23811987,51349383.64832881,51818456.10642737,52473426.67097758,52973843.25935149,53349549.281259626,53552688.03959885,53722712.15626409,53908829.62341911,53899812.00317895,53977640.154871896,54126370.05258202,54305206.48306927
refined petroleum and coke 19,0.0,0.0,0.0,0.0,0.0,230299325.59178203,230962012.05895486,231660653.33928967,214291622.45597985,280389840.5371787,294666613.2943317,311335123.88207716,324212920.34858185,322073651.2907056,315298035.06820583,313524505.60416555,309092517.17715406,316980243.04340804,318768519.1683613,318252491.6386636,323862810.72595346,324415144.93654,328171516.44227195,324549199.14798915,324795508.02310205,325384203.46502984,322122756.4740336,325064637.3922326,323717054.01482284,325851979.75858474,326880798.3119276,350891687.5012604,350722951.0275683,335767948.0278466,326643530.2526832,329958958.9468463
chemicals 20,0.0,0.0,0.0,0.0,0.0,155403431.0406914,145041633.66488865,137322990.93313134,149310485.02158412,162640923.99018696,148669316.93053567,138848938.41538066,142878370.56006593,147528255.904737,152293958.8346054,156783251.62949607,160008227.2591983,163232041.23150206,167398306.52314767,170713071.67902195,173699421.06768188,177663751.5073777,181472892.13143945,184623629.34808028,186739309.35123652,189375902.87328672,192259151.3747173,197810206.59985194,203215941.4544056,207363200.21646577,211963844.9677824,214219461.59960335,214959721.43009683,215730351.06563658,218781973.33924204,222680631.3253871
rubber and plastic products 22,0.0,0.0,0.0,0.0,0.0,0.0,0.0,0.0,0.0,0.0,0.0,0.0,0.0,0.0,0.0,0.0,0.0,0.0,0.0,0.0,0.0,0.0,0.0,0.0,0.0,0.0,0.0,0.0,0.0,0.0,0.0,0.0,0.0,0.0,0.0,0.0
glass and glass products 231,0.0,0.0,0.0,0.0,0.0,0.0,0.0,0.0,0.0,0.0,0.0,0.0,0.0,0.0,0.0,0.0,0.0,0.0,0.0,0.0,0.0,0.0,0.0,0.0,0.0,0.0,0.0,0.0,0.0,0.0,0.0,0.0,0.0,0.0,0.0,0.0
cement and other nonmetallic minerals 239,0.0,0.0,0.0,0.0,0.0,29139299.684885364,30492957.18787352,29075832.837301586,30310015.301085882,34484528.871196866,31384525.578216176,29054561.450101856,27612099.27025889,26434788.141491268,26080306.14680301,25677156.250132702,25318082.73518565,24995472.226869475,20737104.834450264,19944193.196070265,19063089.27963827,18222178.02396213,17699296.48688673,17256487.54963347,16540432.093345817,16078844.896925982,15578233.97052861,15146077.634066664,14822117.75762093,14582422.880823076,14205602.314760854,13964066.558713056,13747366.444549615,13516594.043924626,13353056.096606184,13231726.197755463
iron and steel 241,0.0,0.0,0.0,0.0,0.0,11482993.890020367,11615968.228105906,13701856.53206651,13337344.036697248,12929450.31404874,12065951.043689966,10855071.7215959,10403010.884100925,10547364.895214442,10581599.418898545,10459437.510641292,10233789.280070117,9853713.96451212,9853825.555062031,10021310.909326123,10067663.575852243,10173126.2330969,10285661.040125888,10381796.95402451,10506259.226059338,10595628.693350868,10626820.801489158,10732412.800347904,10929743.751528883,11044308.021005327,11078880.217004657,11046265.127033764,10916567.853101544,10767405.269703124,10773147.007730804,10874115.453695394
other metals 242,0.0,0.0,0.0,0.0,0.0,1356970.9356725146,1398339.4471026051,1417894.3455497383,1540157.6057906458,1591661.872686342,1573964.5893569088,1566940.6879169832,1601151.852227377,1659338.1248115017,1707059.2376887833,1747385.444474298,1770436.2473180795,1774080.4605895928,1773125.1282165416,1777492.9312718858,1788381.7609645852,1805220.1531957781,1823447.1042094503,1837640.9959401335,1848195.4096790468,1866515.8866612911,1880483.6461805128,1891407.1696481875,1909336.305262752,1928160.3857646156,1937617.5393043405,1940690.0922650504,1943173.195013172,1947817.093296638,1952755.3824599178,1952270.0120799886
metal products except machinery and vehicles 25,0.0,0.0,0.0,0.0,0.0,0.0,0.0,0.0,0.0,0.0,0.0,0.0,0.0,0.0,0.0,0.0,0.0,0.0,0.0,0.0,0.0,0.0,0.0,0.0,0.0,0.0,0.0,0.0,0.0,0.0,0.0,0.0,0.0,0.0,0.0,0.0
computers and electronics 26,0.0,0.0,0.0,0.0,0.0,0.0,0.0,0.0,0.0,0.0,0.0,0.0,0.0,0.0,0.0,0.0,0.0,0.0,0.0,0.0,0.0,0.0,0.0,0.0,0.0,0.0,0.0,0.0,0.0,0.0,0.0,0.0,0.0,0.0,0.0,0.0
appliances and electrical equipment 27,0.0,0.0,0.0,0.0,0.0,0.0,0.0,0.0,0.0,0.0,0.0,0.0,0.0,0.0,0.0,0.0,0.0,0.0,0.0,0.0,0.0,0.0,0.0,0.0,0.0,0.0,0.0,0.0,0.0,0.0,0.0,0.0,0.0,0.0,0.0,0.0
other machinery 28,0.0,0.0,0.0,0.0,0.0,0.0,0.0,0.0,0.0,0.0,0.0,0.0,0.0,0.0,0.0,0.0,0.0,0.0,0.0,0.0,0.0,0.0,0.0,0.0,0.0,0.0,0.0,0.0,0.0,0.0,0.0,0.0,0.0,0.0,0.0,0.0
road vehicles 29,0.0,0.0,0.0,0.0,0.0,0.0,0.0,0.0,0.0,0.0,0.0,0.0,0.0,0.0,0.0,0.0,0.0,0.0,0.0,0.0,0.0,0.0,0.0,0.0,0.0,0.0,0.0,0.0,0.0,0.0,0.0,0.0,0.0,0.0,0.0,0.0
nonroad vehicles 30,0.0,0.0,0.0,0.0,0.0,0.0,0.0,0.0,0.0,0.0,0.0,0.0,0.0,0.0,0.0,0.0,0.0,0.0,0.0,0.0,0.0,0.0,0.0,0.0,0.0,0.0,0.0,0.0,0.0,0.0,0.0,0.0,0.0,0.0,0.0,0.0
other manufacturing 31T33,0.0,0.0,0.0,0.0,0.0,22028313.232514177,22213555.450535603,24152556.069102544,26259336.379103087,25832636.137522805,25131469.38450442,24775742.143896103,24725965.692009356,24813826.700071134,25187362.467605587,25642787.331330106,26086152.201438088,26835740.091298062,27475649.0020311,28140634.71704608,28706511.23427487,29046182.525404334,29483740.74067161,30123765.055294424,30516837.320803806,31105991.681068666,31681778.446716193,32168603.37148232,32552448.353275016,32932273.0104701,33371664.03090174,34130962.16409631,34607555.392643966,35018188.023239516,35469523.0548565,35934548.28074011
energy pipelines and gas processing 352T353,0.0,0.0,0.0,0.0,0.0,7710323.164918971,7680823.898951381,8861918.44981782,9690427.326007325,11128540.887086185,11334669.009472338,11399412.093662921,12146105.744758084,13084324.353379019,13231113.645327818,13443015.492472243,13287148.607974863,13011353.860885665,12544645.94646227,12232000.588189503,12104331.293864274,12092106.126570743,12102452.853075782,11953222.062865267,12007613.924038168,11949654.15191537,11827090.56043437,11815835.41037149,11882854.741567153,11940392.949857103,12005474.507695543,12045859.188612733,11965864.27868358,11916091.270135678,11975114.559615724,12108743.26291667
water and waste 36T39,0.0,0.0,0.0,0.0,0.0,0.0,0.0,0.0,0.0,0.0,0.0,0.0,0.0,0.0,0.0,0.0,0.0,0.0,0.0,0.0,0.0,0.0,0.0,0.0,0.0,0.0,0.0,0.0,0.0,0.0,0.0,0.0,0.0,0.0,0.0,0.0
construction 41T43,0.0,0.0,0.0,0.0,0.0,0.0,0.0,0.0,0.0,0.0,0.0,0.0,0.0,0.0,0.0,0.0,0.0,0.0,0.0,0.0,0.0,0.0,0.0,0.0,0.0,0.0,0.0,0.0,0.0,0.0,0.0,0.0,0.0,0.0,0.0,0.0
