Pollutant:,BC,Unit: grams,,,,,,,,,,,,,,,,,,,,,,,,,,,,,,,,,,
,2015.0,2016.0,2017.0,2018.0,2019.0,2020.0,2021.0,2022.0,2023.0,2024.0,2025.0,2026.0,2027.0,2028.0,2029.0,2030.0,2031.0,2032.0,2033.0,2034.0,2035.0,2036.0,2037.0,2038.0,2039.0,2040.0,2041.0,2042.0,2043.0,2044.0,2045.0,2046.0,2047.0,2048.0,2049.0,2050.0
agriculture and forestry 01T03,0.0,0.0,0.0,0.0,0.0,1561.236424394319,1571.9298245614034,1582.7067669172932,1673.6657917760278,1708.9806581412756,1727.0205474669974,1741.1235502739048,1754.8450463204913,1767.2321843072268,1780.8689409544415,1794.1763992902445,1791.016195684475,1792.1303968455645,1784.50661131731,1781.222414534072,1777.3900155212011,1775.92074202704,1773.8780049871875,1773.9490583645559,1773.9358962389763,1773.9540447362724,1773.1965378195544,1775.7390142703628,1777.6002461048026,1780.2396161086854,1784.942192880695,1800.201186420984,1815.6144141970783,1831.4763453531768,1845.2466222650514,1859.2753967600652
coal mining 05,0.0,0.0,0.0,0.0,0.0,0.0,0.0,0.0,0.0,0.0,0.0,0.0,0.0,0.0,0.0,0.0,0.0,0.0,0.0,0.0,0.0,0.0,0.0,0.0,0.0,0.0,0.0,0.0,0.0,0.0,0.0,0.0,0.0,0.0,0.0,0.0
oil and gas extraction 06,0.0,0.0,0.0,0.0,0.0,0.0,0.0,0.0,0.0,0.0,0.0,0.0,0.0,0.0,0.0,0.0,0.0,0.0,0.0,0.0,0.0,0.0,0.0,0.0,0.0,0.0,0.0,0.0,0.0,0.0,0.0,0.0,0.0,0.0,0.0,0.0
other mining and quarrying 07T08,0.0,0.0,0.0,0.0,0.0,0.0,0.0,0.0,0.0,0.0,0.0,0.0,0.0,0.0,0.0,0.0,0.0,0.0,0.0,0.0,0.0,0.0,0.0,0.0,0.0,0.0,0.0,0.0,0.0,0.0,0.0,0.0,0.0,0.0,0.0,0.0
food beverage and tobacco 10T12,0.0,0.0,0.0,0.0,0.0,0.0,0.0,0.0,0.0,0.0,0.0,0.0,0.0,0.0,0.0,0.0,0.0,0.0,0.0,0.0,0.0,0.0,0.0,0.0,0.0,0.0,0.0,0.0,0.0,0.0,0.0,0.0,0.0,0.0,0.0,0.0
textiles apparel and leather 13T15,0.0,0.0,0.0,0.0,0.0,0.0,0.0,0.0,0.0,0.0,0.0,0.0,0.0,0.0,0.0,0.0,0.0,0.0,0.0,0.0,0.0,0.0,0.0,0.0,0.0,0.0,0.0,0.0,0.0,0.0,0.0,0.0,0.0,0.0,0.0,0.0
wood products 16,0.0,0.0,0.0,0.0,0.0,0.0,0.0,0.0,0.0,0.0,0.0,0.0,0.0,0.0,0.0,0.0,0.0,0.0,0.0,0.0,0.0,0.0,0.0,0.0,0.0,0.0,0.0,0.0,0.0,0.0,0.0,0.0,0.0,0.0,0.0,0.0
pulp paper and printing 17T18,0.0,0.0,0.0,0.0,0.0,1275604.3831742667,1293975.256274302,1370952.1178134945,1420649.5146519928,1406352.7154631978,1405143.9071056696,1410572.6855808003,1409465.0893723315,1415337.1355401755,1425007.627098851,1432320.8816801521,1446621.1722773586,1460431.7915389894,1468758.9174599412,1479379.7178121456,1489640.0971872413,1492586.066454686,1498266.6238941513,1512684.477121532,1513492.0581829548,1527317.6854759057,1546622.5471384977,1561372.023733463,1572445.7317308902,1578433.123898266,1583444.4820098795,1588930.181903717,1588664.3929955065,1590958.3307435622,1595342.0546172566,1600613.1503544503
refined petroleum and coke 19,0.0,0.0,0.0,0.0,0.0,14358057.16837874,14399372.487717729,14442929.417020325,13360053.738852046,17480960.26560431,18371048.49708487,19410250.098373067,20213118.87531671,20079745.721259065,19657318.582909163,19546747.536428418,19270434.33819777,19762196.17304101,19873686.603023592,19841514.76425324,20191291.221397284,20225726.6073945,20459918.33455818,20234084.24381702,20249440.419528186,20286142.753711067,20082807.193660993,20266219.34346876,20182203.99030918,20315306.35958625,20379448.25651462,21876411.909179136,21865892.00023266,20933519.369650614,20364655.732263394,20571356.792312764
chemicals 20,0.0,0.0,0.0,0.0,0.0,3329358.3003240908,2528944.5344196376,2375970.887018961,2585334.8836336336,2865129.910941545,2571769.7769155176,2370131.306594473,2461423.994867241,2563725.6657115617,2665569.3605329464,2757666.5917343944,2823862.515346668,2887805.844064824,2978620.737134576,3052455.8339092126,3116799.6931899595,3203959.573663654,3286773.261312578,3353810.128447732,3402095.94788595,3458095.225785822,3517352.9949565004,3631713.907789996,3747490.501160065,3836328.528938145,3936575.913005811,3982764.168590541,4002439.774773619,4020274.130240975,4083412.125341514,4164993.7099550585
rubber and plastic products 22,0.0,0.0,0.0,0.0,0.0,0.0,0.0,0.0,0.0,0.0,0.0,0.0,0.0,0.0,0.0,0.0,0.0,0.0,0.0,0.0,0.0,0.0,0.0,0.0,0.0,0.0,0.0,0.0,0.0,0.0,0.0,0.0,0.0,0.0,0.0,0.0
glass and glass products 231,0.0,0.0,0.0,0.0,0.0,0.0,0.0,0.0,0.0,0.0,0.0,0.0,0.0,0.0,0.0,0.0,0.0,0.0,0.0,0.0,0.0,0.0,0.0,0.0,0.0,0.0,0.0,0.0,0.0,0.0,0.0,0.0,0.0,0.0,0.0,0.0
cement and other nonmetallic minerals 239,0.0,0.0,0.0,0.0,0.0,820882.8642833858,859016.7336738021,819094.9404761905,853863.0799605133,971463.2520126937,884133.0961767978,818495.704480795,777860.1195966415,744694.1018135592,734707.9937641775,723350.8628278448,713235.4071159518,704147.1503294694,584184.7332480032,561847.6289292393,537026.0609961166,513336.76003032783,498606.67047851894,486132.3051823863,465960.3154537503,452956.94804234366,438854.2435986336,426679.9725924877,417553.7027725027,410801.2612537404,400185.85357630433,393381.5526701225,387276.89633559535,380775.80978680437,376168.78422114137,372750.8010860334
iron and steel 241,0.0,0.0,0.0,0.0,0.0,199458.10299679954,201767.84986907186,237999.45707499151,231667.9226736566,224582.86202457972,209583.99256122796,188551.17700318494,180698.93934204202,183206.34964744182,183800.99884924668,181679.06246986418,177759.58219796183,171157.72364407085,171159.66195733752,174068.86066990453,174874.00042898583,176705.87300093786,178660.58789028568,180330.4561493595,182492.34954689178,184044.6855128017,184586.48835423158,186420.60757311477,189848.22040319032,191838.18678999165,192438.70131577682,191872.18146590414,189619.35676964957,187028.42219216045,187128.15543123326,188881.96414066185
other metals 242,0.0,0.0,0.0,0.0,0.0,19378.654970760235,19969.43115364168,20248.69109947644,21994.710467706012,22730.233529737554,22477.501847322474,22377.19478917204,22865.758200436667,23696.70576961473,24378.202297623422,24954.093517569654,25283.27783785674,25335.32018435954,25321.677256605464,25384.053057121644,25539.554452253295,25780.02046720806,26040.316237425046,26243.01662201722,26393.74228377479,26655.3736813277,26854.84471296288,27010.841563580878,27266.884286284007,27535.70755404742,27670.76344259598,27714.642012239394,27750.10275067366,27816.421416894744,27886.944225692867,27880.01273963197
metal products except machinery and vehicles 25,0.0,0.0,0.0,0.0,0.0,0.0,0.0,0.0,0.0,0.0,0.0,0.0,0.0,0.0,0.0,0.0,0.0,0.0,0.0,0.0,0.0,0.0,0.0,0.0,0.0,0.0,0.0,0.0,0.0,0.0,0.0,0.0,0.0,0.0,0.0,0.0
computers and electronics 26,0.0,0.0,0.0,0.0,0.0,0.0,0.0,0.0,0.0,0.0,0.0,0.0,0.0,0.0,0.0,0.0,0.0,0.0,0.0,0.0,0.0,0.0,0.0,0.0,0.0,0.0,0.0,0.0,0.0,0.0,0.0,0.0,0.0,0.0,0.0,0.0
appliances and electrical equipment 27,0.0,0.0,0.0,0.0,0.0,0.0,0.0,0.0,0.0,0.0,0.0,0.0,0.0,0.0,0.0,0.0,0.0,0.0,0.0,0.0,0.0,0.0,0.0,0.0,0.0,0.0,0.0,0.0,0.0,0.0,0.0,0.0,0.0,0.0,0.0,0.0
other machinery 28,0.0,0.0,0.0,0.0,0.0,0.0,0.0,0.0,0.0,0.0,0.0,0.0,0.0,0.0,0.0,0.0,0.0,0.0,0.0,0.0,0.0,0.0,0.0,0.0,0.0,0.0,0.0,0.0,0.0,0.0,0.0,0.0,0.0,0.0,0.0,0.0
road vehicles 29,0.0,0.0,0.0,0.0,0.0,0.0,0.0,0.0,0.0,0.0,0.0,0.0,0.0,0.0,0.0,0.0,0.0,0.0,0.0,0.0,0.0,0.0,0.0,0.0,0.0,0.0,0.0,0.0,0.0,0.0,0.0,0.0,0.0,0.0,0.0,0.0
nonroad vehicles 30,0.0,0.0,0.0,0.0,0.0,0.0,0.0,0.0,0.0,0.0,0.0,0.0,0.0,0.0,0.0,0.0,0.0,0.0,0.0,0.0,0.0,0.0,0.0,0.0,0.0,0.0,0.0,0.0,0.0,0.0,0.0,0.0,0.0,0.0,0.0,0.0
other manufacturing 31T33,0.0,0.0,0.0,0.0,0.0,371784.55576559546,374910.995589162,407636.62809646985,443193.97528786253,435992.3090464891,424158.31308697216,418154.4991441016,417314.39323780895,418797.27417864965,425101.65290840087,432788.12117572635,440271.0459705248,452922.27340211574,463722.38540325477,474945.73310299567,484496.35767217795,490229.1860892214,497614.1086190417,508416.1683582323,515050.2758395295,524993.7740001208,534711.6595514307,542928.0847710723,549406.4580596819,555816.9780097826,563232.8338501401,576047.9466626234,584091.6856401024,591022.169537684,598639.6113481398,606488.1104683424
energy pipelines and gas processing 352T353,0.0,0.0,0.0,0.0,0.0,80116.3012392755,79809.7807435653,92082.27890029812,100691.13553113553,115634.26266229151,117776.09542257231,118448.82681465882,126207.55912782285,135956.3858720206,137481.64167270833,139683.4679588261,138063.88885630082,135198.16525880745,130348.70420990838,127100.07387773148,125773.4898391138,125646.46076852364,125753.9713669497,124203.3464856115,124768.5205569812,124166.27309421886,122892.74131013801,122775.79147889961,123472.17486155163,124070.04194565768,124746.29034425,125165.9188335635,124334.70901726789,123817.52844505107,124430.82668676833,125819.33365578651
water and waste 36T39,0.0,0.0,0.0,0.0,0.0,0.0,0.0,0.0,0.0,0.0,0.0,0.0,0.0,0.0,0.0,0.0,0.0,0.0,0.0,0.0,0.0,0.0,0.0,0.0,0.0,0.0,0.0,0.0,0.0,0.0,0.0,0.0,0.0,0.0,0.0,0.0
construction 41T43,0.0,0.0,0.0,0.0,0.0,0.0,0.0,0.0,0.0,0.0,0.0,0.0,0.0,0.0,0.0,0.0,0.0,0.0,0.0,0.0,0.0,0.0,0.0,0.0,0.0,0.0,0.0,0.0,0.0,0.0,0.0,0.0,0.0,0.0,0.0,0.0
