Imported Electricity (MW*hour),2020.0,2021.0,2022.0,2023.0,2024.0,2025.0,2026.0,2027.0,2028.0,2029.0,2030.0,2031.0,2032.0,2033.0,2034.0,2035.0,2036.0,2037.0,2038.0,2039.0,2040.0,2041.0,2042.0,2043.0,2044.0,2045.0,2046.0,2047.0,2048.0,2049.0,2050.0
hard coal,182831.0,182831.0,182831.0,139567.0,137319.0,123717.0,113486.0,77357.3,44201.5,40751.4,39243.6,39243.6,39243.6,39243.6,39243.6,39243.6,39243.6,39243.6,39243.6,39243.6,39243.6,39243.6,39243.6,39243.6,39243.6,39243.6,39243.6,39243.6,39243.6,39243.6,39243.6
natural gas steam turbine,3982830.0,3982830.0,3982830.0,3763730.0,3721740.0,3357900.0,3291220.0,3192460.0,2917220.0,2839300.0,2609060.0,2609060.0,2609060.0,2609060.0,2609060.0,2609060.0,2609060.0,2609060.0,2609060.0,2609060.0,2609060.0,2609060.0,2609060.0,2609060.0,2609060.0,2609060.0,2609060.0,2609060.0,2609060.0,2609060.0,2609060.0
natural gas combined cycle,0.0,0.0,0.0,0.0,0.0,0.0,0.0,0.0,0.0,0.0,0.0,0.0,0.0,0.0,0.0,0.0,0.0,0.0,0.0,0.0,0.0,0.0,0.0,0.0,0.0,0.0,0.0,0.0,0.0,0.0,0.0
nuclear,2726500.0,2726500.0,2726500.0,2621710.0,2563410.0,2428000.0,2386710.0,2329000.0,2334290.0,2338570.0,2462880.0,2462880.0,2462880.0,2462880.0,2462880.0,2462880.0,2462880.0,2462880.0,2462880.0,2462880.0,2462880.0,2462880.0,2462880.0,2462880.0,2462880.0,2462880.0,2462880.0,2462880.0,2462880.0,2462880.0,2462880.0
hydro,142485.0,142485.0,142485.0,121170.0,120496.0,121697.0,116402.0,117822.0,123903.0,124242.0,129423.0,129423.0,129423.0,129423.0,129423.0,129423.0,129423.0,129423.0,129423.0,129423.0,129423.0,129423.0,129423.0,129423.0,129423.0,129423.0,129423.0,129423.0,129423.0,129423.0,129423.0
onshore wind,82259.9,82259.9,82259.9,90178.7,89258.9,84653.1,82952.4,82755.2,86302.4,99674.6,115873.0,115873.0,115873.0,115873.0,115873.0,115873.0,115873.0,115873.0,115873.0,115873.0,115873.0,115873.0,115873.0,115873.0,115873.0,115873.0,115873.0,115873.0,115873.0,115873.0,115873.0
solar PV,650738.0,650738.0,650738.0,1039170.0,984018.0,938836.0,893967.0,861617.0,899523.0,906096.0,941127.0,941127.0,941127.0,941127.0,941127.0,941127.0,941127.0,941127.0,941127.0,941127.0,941127.0,941127.0,941127.0,941127.0,941127.0,941127.0,941127.0,941127.0,941127.0,941127.0,941127.0
solar thermal,0.0,0.0,0.0,0.0,0.0,0.0,0.0,0.0,0.0,0.0,0.0,0.0,0.0,0.0,0.0,0.0,0.0,0.0,0.0,0.0,0.0,0.0,0.0,0.0,0.0,0.0,0.0,0.0,0.0,0.0,0.0
biomass,83200.2,83200.2,83200.2,76854.8,75254.4,70981.2,69386.6,67876.8,67974.3,67956.0,71255.1,71255.1,71255.1,71255.1,71255.1,71255.1,71255.1,71255.1,71255.1,71255.1,71255.1,71255.1,71255.1,71255.1,71255.1,71255.1,71255.1,71255.1,71255.1,71255.1,71255.1
geothermal,0.0,0.0,0.0,0.0,0.0,0.0,0.0,0.0,0.0,0.0,0.0,0.0,0.0,0.0,0.0,0.0,0.0,0.0,0.0,0.0,0.0,0.0,0.0,0.0,0.0,0.0,0.0,0.0,0.0,0.0,0.0
petroleum,22543.4,22543.4,22543.4,21017.1,18953.4,18855.8,20210.8,20799.5,22294.0,22904.0,19648.1,19648.1,19648.1,19648.1,19648.1,19648.1,19648.1,19648.1,19648.1,19648.1,19648.1,19648.1,19648.1,19648.1,19648.1,19648.1,19648.1,19648.1,19648.1,19648.1,19648.1
natural gas peaker,0.0,0.0,0.0,0.0,0.0,0.0,0.0,0.0,0.0,0.0,0.0,0.0,0.0,0.0,0.0,0.0,0.0,0.0,0.0,0.0,0.0,0.0,0.0,0.0,0.0,0.0,0.0,0.0,0.0,0.0,0.0
lignite,0.0,0.0,0.0,0.0,0.0,0.0,0.0,0.0,0.0,0.0,0.0,0.0,0.0,0.0,0.0,0.0,0.0,0.0,0.0,0.0,0.0,0.0,0.0,0.0,0.0,0.0,0.0,0.0,0.0,0.0,0.0
offshore wind,0.0,0.0,0.0,0.0,162946.0,293232.0,463527.0,688177.0,942152.0,998366.0,1049360.0,1049360.0,1049360.0,1049360.0,1049360.0,1049360.0,1049360.0,1049360.0,1049360.0,1049360.0,1049360.0,1049360.0,1049360.0,1049360.0,1049360.0,1049360.0,1049360.0,1049360.0,1049360.0,1049360.0,1049360.0
crude oil,0.0,0.0,0.0,0.0,0.0,0.0,0.0,0.0,0.0,0.0,0.0,0.0,0.0,0.0,0.0,0.0,0.0,0.0,0.0,0.0,0.0,0.0,0.0,0.0,0.0,0.0,0.0,0.0,0.0,0.0,0.0
heavy or residual fuel oil,0.0,0.0,0.0,0.0,0.0,0.0,0.0,0.0,0.0,0.0,0.0,0.0,0.0,0.0,0.0,0.0,0.0,0.0,0.0,0.0,0.0,0.0,0.0,0.0,0.0,0.0,0.0,0.0,0.0,0.0,0.0
municipal solid waste,0.0,0.0,0.0,0.0,0.0,0.0,0.0,0.0,0.0,0.0,0.0,0.0,0.0,0.0,0.0,0.0,0.0,0.0,0.0,0.0,0.0,0.0,0.0,0.0,0.0,0.0,0.0,0.0,0.0,0.0,0.0
hard coal w CCS,0.0,0.0,0.0,0.0,0.0,0.0,0.0,0.0,0.0,0.0,0.0,0.0,0.0,0.0,0.0,0.0,0.0,0.0,0.0,0.0,0.0,0.0,0.0,0.0,0.0,0.0,0.0,0.0,0.0,0.0,0.0
natural gas combined cycle w CCS,0.0,0.0,0.0,0.0,0.0,0.0,0.0,0.0,0.0,0.0,0.0,0.0,0.0,0.0,0.0,0.0,0.0,0.0,0.0,0.0,0.0,0.0,0.0,0.0,0.0,0.0,0.0,0.0,0.0,0.0,0.0
biomass w CCS,0.0,0.0,0.0,0.0,0.0,0.0,0.0,0.0,0.0,0.0,0.0,0.0,0.0,0.0,0.0,0.0,0.0,0.0,0.0,0.0,0.0,0.0,0.0,0.0,0.0,0.0,0.0,0.0,0.0,0.0,0.0
lignite w CCS,0.0,0.0,0.0,0.0,0.0,0.0,0.0,0.0,0.0,0.0,0.0,0.0,0.0,0.0,0.0,0.0,0.0,0.0,0.0,0.0,0.0,0.0,0.0,0.0,0.0,0.0,0.0,0.0,0.0,0.0,0.0
small modular reactor,0.0,0.0,0.0,0.0,0.0,0.0,0.0,0.0,0.0,0.0,0.0,0.0,0.0,0.0,0.0,0.0,0.0,0.0,0.0,0.0,0.0,0.0,0.0,0.0,0.0,0.0,0.0,0.0,0.0,0.0,0.0
hydrogen combustion turbine,0.0,0.0,0.0,0.0,0.0,0.0,0.0,0.0,0.0,0.0,0.0,0.0,0.0,0.0,0.0,0.0,0.0,0.0,0.0,0.0,0.0,0.0,0.0,0.0,0.0,0.0,0.0,0.0,0.0,0.0,0.0
hydrogen combined cycle,0.0,0.0,0.0,0.0,0.0,0.0,0.0,0.0,0.0,0.0,0.0,0.0,0.0,0.0,0.0,0.0,0.0,0.0,0.0,0.0,0.0,0.0,0.0,0.0,0.0,0.0,0.0,0.0,0.0,0.0,0.0
,,,,,,,,,,,,,,,,,,,,,,,,,,,,,,,
,,,,,,,,,,,,,,,,,,,,,,,,,,,,,,,
,,,,,,,,,,,,,,,,,,,,,,,,,,,,,,,
